종목코드,종목명,시장구분,업종명,종가,대비,등락률,시가총액
"095570","AJ네트웍스","KOSPI","서비스업","5010","-180","-3.47","234579697950"
"006840","AK홀딩스","KOSPI","기타금융","15450","-790","-4.86","204674817450"
"027410","BGF","KOSPI","기타금융","4175","-195","-4.46","399617602425"
"282330","BGF리테일","KOSPI","유통업","179300","-600","-0.33","3099004345800"
"138930","BNK금융지주","KOSPI","기타금융","6210","-260","-4.02","2024057877660"
"001460","BYC","KOSPI","섬유의복","473500","-8500","-1.76","295755202500"
"001465","BYC우","KOSPI","섬유의복","159400","-3100","-1.91","34332369000"
"001040","CJ","KOSPI","기타금융","93300","-600","-0.64","2722213913400"
"079160","CJ CGV","KOSPI","서비스업","15590","-710","-4.36","744028992810"
"00104K","CJ4우(전환)","KOSPI","기타금융","78200","-800","-1.01","330513238400"
"000120","CJ대한통운","KOSPI","운수창고업","77800","-1200","-1.52","1774800363200"
"011150","CJ씨푸드","KOSPI","음식료품","3075","-165","-5.09","110487126975"
"011155","CJ씨푸드1우","KOSPI","음식료품","24750","-600","-2.37","4950000000"
"001045","CJ우","KOSPI","기타금융","50200","-500","-0.99","113463194600"
"097950","CJ제일제당","KOSPI","음식료품","305000","-4500","-1.45","4591526730000"
"097955","CJ제일제당 우","KOSPI","음식료품","150300","-2700","-1.76","199513179900"
"000590","CS홀딩스","KOSPI","기타금융","61900","-1200","-1.90","71462435800"
"012030","DB","KOSPI","서비스업","1450","9","0.62","291702202850"
"016610","DB금융투자","KOSPI","증권","4000","-115","-2.79","169785556000"
"005830","DB손해보험","KOSPI","보험","74500","-2600","-3.37","5274600000000"
"000990","DB하이텍","KOSPI","전기전자","45150","-1450","-3.11","2004596248200"
"000995","DB하이텍1우","KOSPI","전기전자","93100","-900","-0.96","10456619600"
"139130","DGB금융지주","KOSPI","기타금융","7170","-370","-4.91","1212775622610"
"001530","DI동일","KOSPI","유통업","24200","50","0.21","618752134000"
"000210","DL","KOSPI","기타금융","52700","-2100","-3.83","1104375086800"
"001880","DL건설","KOSPI","건설업","14010","-360","-2.51","308966508840"
"000215","DL우","KOSPI","기타금융","30800","-750","-2.38","51932342000"
"375500","DL이앤씨","KOSPI","건설업","31800","-900","-2.75","1230457211400"
"37550L","DL이앤씨2우(전환)","KOSPI","건설업","22500","-600","-2.60","47518897500"
"37550K","DL이앤씨우","KOSPI","건설업","19870","-480","-2.36","42002894950"
"007340","DN오토모티브","KOSPI","전기전자","70600","-3700","-4.98","705576753000"
"004840","DRB동일","KOSPI","화학","4560","-90","-1.94","90880800000"
"155660","DSR","KOSPI","철강금속","5320","-240","-4.32","85120000000"
"069730","DSR제강","KOSPI","철강금속","5220","-280","-5.09","75168000000"
"017940","E1","KOSPI","유통업","46300","-1700","-3.54","317618000000"
"365550","ESR켄달스퀘어리츠","KOSPI","서비스업","3755","-90","-2.34","800149195000"
"383220","F&F","KOSPI","섬유의복","134500","-5500","-3.93","5152301587500"
"007700","F&F홀딩스","KOSPI","기타금융","23550","-1000","-4.07","921143342850"
"114090","GKL","KOSPI","서비스업","18500","-270","-1.44","1144329895000"
"078930","GS","KOSPI","기타금융","39250","-1000","-2.48","3646928586500"
"006360","GS건설","KOSPI","건설업","21050","-750","-3.44","1801490364500"
"001250","GS글로벌","KOSPI","유통업","2255","-125","-5.25","186113637820"
"007070","GS리테일","KOSPI","유통업","27400","-850","-3.01","2869271062800"
"078935","GS우","KOSPI","기타금융","34350","-200","-0.58","61308773100"
"012630","HDC","KOSPI","기타금융","6450","-340","-5.01","385334100450"
"039570","HDC랩스","KOSPI","건설업","7740","-130","-1.65","200911831740"
"089470","HDC현대EP","KOSPI","화학","4165","-165","-3.81","132863500000"
"294870","HDC현대산업개발","KOSPI","건설업","10970","-460","-4.02","723003410100"
"267250","HD현대","KOSPI","화학","56000","-1500","-2.61","4423612760000"
"097230","HJ중공업","KOSPI","건설업","3650","-145","-3.82","303951125650"
"014790","HL D&I","KOSPI","건설업","2485","-50","-1.97","94078623485"
"003580","HLB글로벌","KOSPI","광업","5950","-120","-1.98","252083899900"
"204320","HL만도","KOSPI","운수장비","45200","-2600","-5.44","2122461824000"
"060980","HL홀딩스","KOSPI","기타금융","31750","-550","-1.70","332488222500"
"011200","HMM","KOSPI","운수창고업","19950","-400","-1.97","9756337945200"
"082740","HSD엔진","KOSPI","기계","6990","-260","-3.59","500092518060"
"003560","IHQ","KOSPI","서비스업","238","-9","-3.64","57666364224"
"175330","JB금융지주","KOSPI","기타금융","8890","-510","-5.43","1751177927660"
"234080","JW생명과학","KOSPI","의약품","11410","-230","-1.98","180672261140"
"001060","JW중외제약","KOSPI","의약품","18830","-570","-2.94","417613265230"
"001067","JW중외제약2우B","KOSPI","의약품","59700","-2300","-3.71","11940000000"
"001065","JW중외제약우","KOSPI","의약품","30850","-950","-2.99","10046456750"
"096760","JW홀딩스","KOSPI","기타금융","2890","-110","-3.67","203585200340"
"105560","KB금융","KOSPI","기타금융","48400","-1900","-3.78","19790618091200"
"432320","KB스타리츠","KOSPI","서비스업","4445","15","0.34","450786496825"
"002380","KCC","KOSPI","화학","223000","-10500","-4.50","1981683033000"
"344820","KCC글라스","KOSPI","비금속광물","37950","-800","-2.06","606080930400"
"009070","KCTC","KOSPI","운수창고업","4150","-175","-4.05","124500000000"
"009440","KC그린홀딩스","KOSPI","기타금융","3100","-170","-5.20","69548438000"
"119650","KC코트렐","KOSPI","기계","1910","-115","-5.68","66086870960"
"092220","KEC","KOSPI","전기전자","2340","-190","-7.51","338745749940"
"016380","KG스틸","KOSPI","철강금속","8490","-330","-3.74","849075535530"
"001390","KG케미칼","KOSPI","화학","29300","650","2.27","406276612800"
"033180","KH 필룩스","KOSPI","전기전자","407","-22","-5.13","77620051806"
"001940","KISCO홀딩스","KOSPI","철강금속","20800","-2600","-11.11","336468704000"
"025000","KPX케미칼","KOSPI","화학","47200","-700","-1.46","228448000000"
"092230","KPX홀딩스","KOSPI","화학","51500","-1100","-2.09","217569269000"
"000040","KR모터스","KOSPI","운수장비","450","-29","-6.05","43262309250"
"044450","KSS해운","KOSPI","운수창고업","8270","-290","-3.39","190920227600"
"030200","KT","KOSPI","통신업","29250","-500","-1.68","7637520384000"
"033780","KT&G","KOSPI","기타제조업","85100","-300","-0.35","11683591494700"
"058850","KTcs","KOSPI","서비스업","4145","-355","-7.89","176929325000"
"058860","KTis","KOSPI","서비스업","3710","-200","-5.12","129115420000"
"093050","LF","KOSPI","섬유의복","17070","-260","-1.50","499126800000"
"003550","LG","KOSPI","기타금융","85300","-3000","-3.40","13417774702900"
"034220","LG디스플레이","KOSPI","전기전자","14220","-770","-5.14","5088139254000"
"051900","LG생활건강","KOSPI","화학","590000","-17000","-2.80","9214736230000"
"051905","LG생활건강우","KOSPI","화학","253500","-7000","-2.69","532273189500"
"373220","LG에너지솔루션","KOSPI","전기전자","548000","-15000","-2.66","128232000000000"
"003555","LG우","KOSPI","기타금융","60700","-1500","-2.41","183412334000"
"032640","LG유플러스","KOSPI","통신업","10750","-120","-1.10","4693572130750"
"011070","LG이노텍","KOSPI","전기전자","256000","-12000","-4.48","6058779392000"
"066570","LG전자","KOSPI","전기전자","111800","-5700","-4.85","18295825605200"
"066575","LG전자우","KOSPI","전기전자","47600","-2000","-4.03","818053219200"
"037560","LG헬로비전","KOSPI","서비스업","4145","-235","-5.37","321017255425"
"051910","LG화학","KOSPI","화학","705000","-13000","-1.81","49767601815000"
"051915","LG화학우","KOSPI","화학","296500","-6500","-2.15","2279729200000"
"079550","LIG넥스원","KOSPI","기계","68100","-3200","-4.49","1498200000000"
"006260","LS","KOSPI","기타금융","66600","-2000","-2.92","2144520000000"
"010120","LS ELECTRIC","KOSPI","전기전자","52700","1900","3.74","1581000000000"
"000680","LS네트웍스","KOSPI","유통업","2305","-85","-3.56","181640951880"
"229640","LS전선아시아","KOSPI","기타금융","6610","-190","-2.79","202430450190"
"108320","LX세미콘","KOSPI","전기전자","87800","-4300","-4.67","1428005540000"
"001120","LX인터내셔널","KOSPI","유통업","28650","-1350","-4.50","1110474000000"
"108670","LX하우시스","KOSPI","화학","32700","-1300","-3.82","293242809000"
"108675","LX하우시스우","KOSPI","화학","16750","-440","-2.56","17291527500"
"383800","LX홀딩스","KOSPI","기타금융","8490","-100","-1.16","647623058100"
"38380K","LX홀딩스1우","KOSPI","기타금융","10810","-30","-0.28","15839730850"
"023150","MH에탄올","KOSPI","음식료품","7070","-210","-2.88","52166178820"
"035420","NAVER","KOSPI","서비스업","196000","-6500","-3.21","32153620660000"
"181710","NHN","KOSPI","서비스업","25800","-950","-3.55","929243708400"
"400760","NH올원리츠","KOSPI","서비스업","3435","-10","-0.29","144957000000"
"005940","NH투자증권","KOSPI","증권","9030","-480","-5.05","2994943266630"
"005945","NH투자증권우","KOSPI","증권","8780","-90","-1.01","165687099040"
"338100","NH프라임리츠","KOSPI","서비스업","4210","-20","-0.47","78558600000"
"034310","NICE","KOSPI","서비스업","13050","-480","-3.55","494364015000"
"008260","NI스틸","KOSPI","철강금속","5610","-570","-9.22","160446656370"
"004250","NPC","KOSPI","화학","7300","-570","-7.24","268056000000"
"004255","NPC우","KOSPI","화학","3555","-110","-3.00","18770400000"
"010060","OCI","KOSPI","화학","91000","-4400","-4.61","2170292761000"
"178920","PI첨단소재","KOSPI","화학","32150","-2100","-6.13","944127252300"
"005490","POSCO홀딩스","KOSPI","철강금속","316000","-11000","-3.36","26724508680000"
"010950","S-Oil","KOSPI","화학","79200","-2200","-2.70","8916557126400"
"010955","S-Oil우","KOSPI","화학","49300","-700","-1.40","198281001100"
"034120","SBS","KOSPI","서비스업","36050","-2900","-7.45","658005581100"
"005090","SGC에너지","KOSPI","전기가스업","29400","-750","-2.49","431503917600"
"001380","SG글로벌","KOSPI","운수장비","1259","-105","-7.70","56609856037"
"004060","SG세계물산","KOSPI","유통업","502","-19","-3.65","101617329920"
"001770","SHD","KOSPI","철강금속","31450","-2200","-6.54","38207913100"
"002360","SH에너지화학","KOSPI","화학","779","-27","-3.35","86573175670"
"009160","SIMPAC","KOSPI","철강금속","5030","-170","-3.27","329110465480"
"123700","SJM","KOSPI","운수장비","4040","-320","-7.34","63043787920"
"025530","SJM홀딩스","KOSPI","유통업","3050","-150","-4.69","45548724400"
"034730","SK","KOSPI","기타금융","167600","-5100","-2.95","12427427540400"
"011790","SKC","KOSPI","화학","103400","-4000","-3.72","3915582013200"
"018670","SK가스","KOSPI","유통업","116500","-3300","-2.75","1075323426000"
"001740","SK네트웍스","KOSPI","유통업","4540","-55","-1.20","1126771917380"
"001745","SK네트웍스우","KOSPI","유통업","54500","2700","5.21","6193816000"
"006120","SK디스커버리","KOSPI","기타금융","30650","-1450","-4.52","583510255750"
"006125","SK디스커버리우","KOSPI","기타금융","28400","-200","-0.70","38580122000"
"210980","SK디앤디","KOSPI","서비스업","19080","-680","-3.44","423388329120"
"068400","SK렌터카","KOSPI","서비스업","6820","-70","-1.02","322489428800"
"395400","SK리츠","KOSPI","서비스업","5000","-120","-2.34","982770395000"
"302440","SK바이오사이언스","KOSPI","의약품","68500","-600","-0.87","5259707151000"
"326030","SK바이오팜","KOSPI","서비스업","60600","-700","-1.14","4745782950000"
"402340","SK스퀘어","KOSPI","기타금융","35900","-2350","-6.14","5078685798900"
"361610","SK아이이테크놀로지","KOSPI","전기전자","62200","-2200","-3.42","4434710222400"
"03473K","SK우","KOSPI","기타금융","151100","-5100","-3.27","85542998500"
"096770","SK이노베이션","KOSPI","화학","170000","-6100","-3.46","15719145880000"
"096775","SK이노베이션우","KOSPI","화학","102300","-4600","-4.30","127713979800"
"001510","SK증권","KOSPI","증권","693","-30","-4.15","327504988503"
"001515","SK증권우","KOSPI","증권","2640","-70","-2.58","10329036960"
"285130","SK케미칼","KOSPI","화학","74800","-2600","-3.36","1290582968400"
"28513K","SK케미칼우","KOSPI","화학","34100","-1600","-4.48","72136128900"
"017670","SK텔레콤","KOSPI","통신업","46950","450","0.97","10274216110800"
"000660","SK하이닉스","KOSPI","전기전자","81100","-3200","-3.80","59040991801500"
"064960","SNT모티브","KOSPI","운수장비","46750","-1650","-3.41","683631608000"
"100840","SNT에너지","KOSPI","기계","18550","-1120","-5.69","139249489050"
"003570","SNT중공업","KOSPI","운수장비","9010","-410","-4.35","299606799970"
"036530","SNT홀딩스","KOSPI","기타금융","15680","-380","-2.37","255644932480"
"005610","SPC삼립","KOSPI","음식료품","66800","-1400","-2.05","576417801200"
"011810","STX","KOSPI","유통업","4410","-275","-5.87","126220612140"
"077970","STX엔진","KOSPI","기계","12440","-560","-4.31","286230765760"
"071970","STX중공업","KOSPI","기계","5240","-150","-2.78","149615985560"
"002820","SUN&L","KOSPI","종이목재","2900","-125","-4.13","36563168100"
"084870","TBH글로벌","KOSPI","섬유의복","1780","-39","-2.14","37125137820"
"002710","TCC스틸","KOSPI","철강금속","16170","-650","-3.86","411150127080"
"069260","TKG휴켐스","KOSPI","화학","19040","-280","-1.45","778328315520"
"002900","TYM","KOSPI","기계","2300","-150","-6.12","350413618100"
"024070","WISCOM","KOSPI","화학","2665","-115","-4.14","40844957270"
"037270","YG PLUS","KOSPI","서비스업","5070","-180","-3.43","321587108700"
"000500","가온전선","KOSPI","전기전자","16000","-10","-0.06","101742816000"
"000860","강남제비스코","KOSPI","화학","20000","-800","-3.85","130000000000"
"035250","강원랜드","KOSPI","서비스업","18040","-400","-2.17","3859486620000"
"011420","갤럭시아에스엠","KOSPI","서비스업","2605","-95","-3.52","71766822620"
"002100","경농","KOSPI","화학","9900","-340","-3.32","193273492500"
"009450","경동나비엔","KOSPI","전기전자","34300","-1500","-4.19","499702705600"
"267290","경동도시가스","KOSPI","전기가스업","22000","-250","-1.12","129698932000"
"012320","경동인베스트","KOSPI","기타금융","84600","-7900","-8.54","200080945800"
"000050","경방","KOSPI","유통업","10810","-280","-2.52","296359068700"
"214390","경보제약","KOSPI","의약품","6340","-210","-3.21","151569492400"
"012610","경인양행","KOSPI","화학","4340","-375","-7.95","180615024100"
"009140","경인전자","KOSPI","전기전자","22450","-750","-3.23","35264392650"
"013580","계룡건설","KOSPI","건설업","18010","-590","-3.17","160845635070"
"012200","계양전기","KOSPI","기계","2115","10","0.48","57576283335"
"012205","계양전기우","KOSPI","기계","5230","80","1.55","6114283170"
"002140","고려산업","KOSPI","음식료품","3400","-500","-12.82","84794045000"
"010130","고려아연","KOSPI","철강금속","534000","-11000","-2.02","10606926372000"
"002240","고려제강","KOSPI","철강금속","19920","-830","-4.00","498000000000"
"009290","광동제약","KOSPI","의약품","5490","-140","-2.49","287790471990"
"017040","광명전기","KOSPI","전기전자","2335","-95","-3.91","101193331025"
"017900","광전자","KOSPI","전기전자","2055","-85","-3.97","119074432965"
"037710","광주신세계","KOSPI","유통업","34600","-300","-0.86","276800000000"
"030610","교보증권","KOSPI","증권","5100","-230","-4.32","329731809600"
"339770","교촌에프앤비","KOSPI","유통업","8880","-180","-1.99","221844955200"
"007690","국도화학","KOSPI","화학","45800","-2000","-4.18","412686212800"
"005320","국동","KOSPI","유통업","1541","-69","-4.29","88115156664"
"001140","국보","KOSPI","운수창고업","550","-45","-7.56","58398399950"
"002720","국제약품","KOSPI","의약품","4335","-165","-3.67","87545970915"
"083420","그린케미칼","KOSPI","화학","9900","-180","-1.79","237600000000"
"014530","극동유화","KOSPI","화학","3520","-155","-4.22","122740358400"
"014280","금강공업","KOSPI","철강금속","5020","-230","-4.38","147233372140"
"014285","금강공업우","KOSPI","철강금속","11200","-100","-0.88","6606600000"
"008870","금비","KOSPI","비금속광물","104900","-6600","-5.92","104900000000"
"001570","금양","KOSPI","화학","46500","-1800","-3.73","2699326720500"
"002990","금호건설","KOSPI","건설업","6170","-260","-4.04","228003681150"
"002995","금호건설우","KOSPI","건설업","20650","-300","-1.43","6035292900"
"011780","금호석유","KOSPI","화학","146300","-5300","-3.50","4288683845600"
"011785","금호석유우","KOSPI","화학","75400","-2500","-3.21","227970844400"
"214330","금호에이치티","KOSPI","운수장비","761","-39","-4.88","149263277409"
"001210","금호전기","KOSPI","전기전자","893","-13","-1.43","24605892563"
"073240","금호타이어","KOSPI","화학","3325","-10","-0.30","955140454275"
"092440","기신정기","KOSPI","기계","3850","-65","-1.66","112420000000"
"000270","기아","KOSPI","운수장비","76300","-2500","-3.17","30929223376100"
"024110","기업은행","KOSPI","은행","9590","-300","-3.03","7647314083710"
"013700","까뮤이앤씨","KOSPI","건설업","1615","-75","-4.44","72920932200"
"004540","깨끗한나라","KOSPI","종이목재","2845","-95","-3.23","105949771585"
"004545","깨끗한나라우","KOSPI","종이목재","17930","-340","-1.86","6565248800"
"001260","남광토건","KOSPI","건설업","9060","-360","-3.82","89083102320"
"008350","남선알미늄","KOSPI","철강금속","2205","-125","-5.36","284619393450"
"008355","남선알미우","KOSPI","철강금속","26700","-300","-1.11","8220663000"
"004270","남성","KOSPI","유통업","2185","-130","-5.62","79123569600"
"003920","남양유업","KOSPI","음식료품","514000","-25000","-4.64","370080000000"
"003925","남양유업우","KOSPI","음식료품","321000","-8000","-2.43","53498502000"
"025860","남해화학","KOSPI","화학","8470","-430","-4.83","420779800210"
"005720","넥센","KOSPI","화학","3985","-190","-4.55","213372748345"
"005725","넥센우","KOSPI","화학","3100","-10","-0.32","11161860000"
"002350","넥센타이어","KOSPI","화학","7270","-510","-6.56","710045465790"
"002355","넥센타이어1우B","KOSPI","화학","2755","-110","-3.84","17907500000"
"251270","넷마블","KOSPI","서비스업","56900","1000","1.79","4890754263800"
"090350","노루페인트","KOSPI","화학","7450","-270","-3.50","149000000000"
"090355","노루페인트우","KOSPI","화학","14230","-360","-2.47","6590282980"
"000320","노루홀딩스","KOSPI","기타금융","9530","-310","-3.15","126664669030"
"000325","노루홀딩스우","KOSPI","기타금융","21800","-650","-2.90","5309586200"
"006280","녹십자","KOSPI","의약품","116700","-2700","-2.26","1363818984600"
"005250","녹십자홀딩스","KOSPI","서비스업","14940","-310","-2.03","702601457400"
"005257","녹십자홀딩스2우","KOSPI","서비스업","31250","-550","-1.73","26437187500"
"004370","농심","KOSPI","음식료품","348500","-1500","-0.43","2119800737000"
"072710","농심홀딩스","KOSPI","기타금융","66500","-1700","-2.49","308413035000"
"058730","다스코","KOSPI","기계","4385","-150","-3.31","85055586285"
"030210","다올투자증권","KOSPI","증권","4700","-15","-0.32","283476232400"
"023590","다우기술","KOSPI","서비스업","19850","-750","-3.64","890602347450"
"145210","다이나믹디자인","KOSPI","기계","2930","-95","-3.14","40847282360"
"019680","대교","KOSPI","서비스업","2880","-70","-2.37","243944208000"
"019685","대교우B","KOSPI","서비스업","1850","-60","-3.14","35939931500"
"006370","대구백화점","KOSPI","유통업","9650","-220","-2.23","104428546150"
"008060","대덕","KOSPI","기타금융","6440","-190","-2.87","218252566000"
"00806K","대덕1우","KOSPI","기타금융","9510","-350","-3.55","11529515070"
"353200","대덕전자","KOSPI","전기전자","19630","-1020","-4.94","970054237750"
"35320K","대덕전자1우","KOSPI","전기전자","10000","-300","-2.91","20955190000"
"000490","대동","KOSPI","기계","10960","-620","-5.35","262298599840"
"008110","대동전자","KOSPI","전기전자","8830","-510","-5.46","92630647010"
"005750","대림B&Co","KOSPI","비금속광물","3445","-135","-3.77","57435866800"
"006570","대림통상","KOSPI","기계","3450","-135","-3.77","52526250000"
"001680","대상","KOSPI","음식료품","19160","-370","-1.89","663856159000"
"001685","대상우","KOSPI","음식료품","15090","-220","-1.44","20676665070"
"084690","대상홀딩스","KOSPI","기타금융","7120","-250","-3.39","257833270560"
"084695","대상홀딩스우","KOSPI","기타금융","8800","-170","-1.90","8038641600"
"128820","대성산업","KOSPI","유통업","3965","-145","-3.53","179358670270"
"117580","대성에너지","KOSPI","전기가스업","8630","-360","-4.00","237325000000"
"016710","대성홀딩스","KOSPI","서비스업","130900","300","0.23","2106110183100"
"003540","대신증권","KOSPI","증권","12590","-270","-2.10","639237106000"
"003547","대신증권2우B","KOSPI","증권","11770","-80","-0.68","117700000000"
"003545","대신증권우","KOSPI","증권","12270","-140","-1.13","319020000000"
"009190","대양금속","KOSPI","철강금속","3075","0","0.00","102589204725"
"014160","대영포장","KOSPI","종이목재","1385","-55","-3.82","150126450365"
"047040","대우건설","KOSPI","건설업","4175","-110","-2.57","1735224513650"
"009320","대우부품","KOSPI","운수장비","1389","-66","-4.54","66180814875"
"042660","대우조선해양","KOSPI","운수장비","22700","250","1.11","2435498186300"
"003090","대웅","KOSPI","의약품","14980","-870","-5.49","870966860400"
"069620","대웅제약","KOSPI","의약품","105000","-5100","-4.63","1216590375000"
"000430","대원강업","KOSPI","운수장비","3260","-120","-3.55","202120000000"
"006340","대원전선","KOSPI","전기전자","1060","-49","-4.42","76282406040"
"006345","대원전선우","KOSPI","전기전자","2545","-80","-3.05","6670954000"
"003220","대원제약","KOSPI","의약품","14380","-300","-2.04","315851954600"
"024890","대원화성","KOSPI","화학","2140","-110","-4.89","88273185280"
"002880","대유에이텍","KOSPI","운수장비","671","-42","-5.89","77676579794"
"000300","대유플러스","KOSPI","전기전자","782","-48","-5.78","94621041268"
"012800","대창","KOSPI","철강금속","1184","-56","-4.52","107910350816"
"015230","대창단조","KOSPI","운수장비","6360","-290","-4.36","181719382800"
"001070","대한방직","KOSPI","섬유의복","53300","-600","-1.11","282490000000"
"006650","대한유화","KOSPI","화학","160600","-3000","-1.83","1043900000000"
"001440","대한전선","KOSPI","전기전자","1394","-36","-2.52","1734795374546"
"084010","대한제강","KOSPI","철강금속","11650","-410","-3.40","287134451100"
"001790","대한제당","KOSPI","음식료품","2590","-95","-3.54","232314142200"
"001795","대한제당우","KOSPI","음식료품","2300","-70","-2.95","14910348000"
"001130","대한제분","KOSPI","음식료품","142400","-5800","-3.91","240656000000"
"003490","대한항공","KOSPI","운수창고업","22250","-900","-3.89","8192909707250"
"003495","대한항공우","KOSPI","운수창고업","28750","-400","-1.37","31935327500"
"005880","대한해운","KOSPI","운수창고업","2210","-70","-3.07","705382186600"
"003830","대한화섬","KOSPI","화학","118800","-5500","-4.42","157766400000"
"016090","대현","KOSPI","섬유의복","2155","-70","-3.15","95428378050"
"069460","대호에이엘","KOSPI","철강금속","1274","-111","-8.01","66252483206"
"192080","더블유게임즈","KOSPI","서비스업","41600","-400","-0.95","764379283200"
"012510","더존비즈온","KOSPI","서비스업","35000","-10800","-23.58","1063397440000"
"004830","덕성","KOSPI","화학","5000","-80","-1.57","78400000000"
"004835","덕성우","KOSPI","화학","5680","-220","-3.73","7906560000"
"024900","덕양산업","KOSPI","운수장비","2630","-220","-7.72","85645897400"
"145720","덴티움","KOSPI","의료정밀","113200","-4300","-3.66","1252991556000"
"002150","도화엔지니어링","KOSPI","서비스업","7900","-210","-2.59","266388000000"
"001230","동국제강","KOSPI","철강금속","12190","-610","-4.77","1163325064030"
"023450","동남합성","KOSPI","화학","43450","-1050","-2.36","156854500000"
"004140","동방","KOSPI","운수창고업","2390","-60","-2.45","114652520740"
"007590","동방아그로","KOSPI","화학","6310","-160","-2.47","85926910870"
"005960","동부건설","KOSPI","건설업","6570","-210","-3.10","150287849910"
"005965","동부건설우","KOSPI","건설업","28550","-550","-1.89","6444648600"
"026960","동서","KOSPI","유통업","18910","-350","-1.82","1885327000000"
"002210","동성제약","KOSPI","의약품","6380","-100","-1.54","166524188600"
"102260","동성케미컬","KOSPI","서비스업","4405","-100","-2.22","218883251840"
"000640","동아쏘시오홀딩스","KOSPI","기타금융","92000","-700","-0.76","584099996000"
"170900","동아에스티","KOSPI","의약품","57300","-2500","-4.18","483989492400"
"028100","동아지질","KOSPI","건설업","11630","-420","-3.49","163432272980"
"282690","동아타이어","KOSPI","화학","11720","-260","-2.17","160950935800"
"001520","동양","KOSPI","비금속광물","1071","-33","-2.99","255630631473"
"001527","동양2우B","KOSPI","비금속광물","12800","-310","-2.36","3949683200"
"084670","동양고속","KOSPI","운수창고업","14260","290","2.08","41290813940"
"082640","동양생명","KOSPI","보험","3990","-115","-2.80","643820754150"
"001525","동양우","KOSPI","비금속광물","6440","-60","-0.92","3978187640"
"008970","동양철관","KOSPI","철강금속","995","-35","-3.40","118290863550"
"092780","동양피스톤","KOSPI","운수장비","4680","-360","-7.14","61628392800"
"049770","동원F&B","KOSPI","음식료품","156100","-3600","-2.25","602409256400"
"018500","동원금속","KOSPI","운수장비","921","-46","-4.76","43061293293"
"006040","동원산업","KOSPI","농업, 임업 및 어업","47700","300","0.63","2384173120500"
"030720","동원수산","KOSPI","농업, 임업 및 어업","8910","-190","-2.09","41465402550"
"014820","동원시스템즈","KOSPI","화학","37950","-1450","-3.68","1100219151900"
"014825","동원시스템즈우","KOSPI","화학","28950","-850","-2.85","7646013450"
"163560","동일고무벨트","KOSPI","화학","6090","-220","-3.49","84651000000"
"004890","동일산업","KOSPI","철강금속","215500","-2000","-0.92","522633832500"
"002690","동일제강","KOSPI","철강금속","2250","-130","-5.46","45675810000"
"000020","동화약품","KOSPI","의약품","8370","-270","-3.13","233786403900"
"000150","두산","KOSPI","기타금융","99300","-5500","-5.25","1640816815500"
"000157","두산2우B","KOSPI","기타금융","84400","-1300","-1.52","75372407200"
"241560","두산밥캣","KOSPI","기계","38100","-1450","-3.67","3819493224600"
"034020","두산에너빌리티","KOSPI","기계","16780","-1030","-5.78","10710808793740"
"000155","두산우","KOSPI","기타금융","52300","-2300","-4.21","209014962600"
"336260","두산퓨얼셀","KOSPI","전기전자","33700","-1750","-4.94","2207138566200"
"33626K","두산퓨얼셀1우","KOSPI","전기전자","9410","-520","-5.24","125757122000"
"33626L","두산퓨얼셀2우B","KOSPI","전기전자","12730","-160","-1.24","38015599000"
"016740","두올","KOSPI","운수장비","2715","10","0.37","89776036200"
"192650","드림텍","KOSPI","전기전자","9700","-480","-4.72","654225327000"
"024090","디씨엠","KOSPI","철강금속","13800","-270","-1.92","157320000000"
"003160","디아이","KOSPI","의료정밀","4635","-155","-3.24","131170500000"
"092200","디아이씨","KOSPI","운수장비","4060","-265","-6.13","157887590140"
"377190","디앤디플랫폼리츠","KOSPI","서비스업","3645","-40","-1.09","234738000000"
"013570","디와이","KOSPI","기타금융","5870","-560","-8.71","154496245710"
"210540","디와이파워","KOSPI","기계","10520","-840","-7.39","116158768160"
"115390","락앤락","KOSPI","화학","6070","-250","-3.96","304716695080"
"032350","롯데관광개발","KOSPI","서비스업","12130","-470","-3.73","894741053670"
"089860","롯데렌탈","KOSPI","서비스업","25450","-650","-2.49","932336903350"
"330590","롯데리츠","KOSPI","서비스업","3770","-70","-1.82","915992692680"
"000400","롯데손해보험","KOSPI","보험","1384","-97","-6.55","429505466880"
"023530","롯데쇼핑","KOSPI","유통업","79400","-2900","-3.52","2246127147000"
"004000","롯데정밀화학","KOSPI","화학","53400","-1600","-2.91","1377720000000"
"286940","롯데정보통신","KOSPI","서비스업","28100","-1650","-5.55","432636901100"
"280360","롯데제과","KOSPI","음식료품","111700","-2900","-2.53","1053841915800"
"004990","롯데지주","KOSPI","기타금융","28700","-750","-2.55","3010895101900"
"00499K","롯데지주우","KOSPI","기타금융","39150","-250","-0.63","31539357450"
"005300","롯데칠성","KOSPI","음식료품","156100","-6700","-4.12","1448433792400"
"005305","롯데칠성우","KOSPI","음식료품","71200","0","0.00","55202072000"
"011170","롯데케미칼","KOSPI","화학","173200","-4500","-2.53","7408702570800"
"071840","롯데하이마트","KOSPI","유통업","12640","-370","-2.84","298401479680"
"027740","마니커","KOSPI","음식료품","1282","-60","-4.47","81421394296"
"357430","마스턴프리미어리츠","KOSPI","서비스업","3760","-75","-1.96","99940800000"
"001080","만호제강","KOSPI","철강금속","51500","500","0.98","213725000000"
"088980","맥쿼리인프라","KOSPI","기타금융","12490","-120","-0.95","5056520882030"
"094800","맵스리얼티1","KOSPI","기타금융","4075","-60","-1.45","378299898825"
"138040","메리츠금융지주","KOSPI","기타금융","39950","-2750","-6.44","6961078561500"
"008560","메리츠증권","KOSPI","증권","6370","-360","-5.35","3917808488230"
"090370","메타랩스","KOSPI","섬유의복","2785","-190","-6.39","69359558865"
"017180","명문제약","KOSPI","의약품","2430","-120","-4.71","82506893220"
"009900","명신산업","KOSPI","운수장비","18530","-1000","-5.12","972271564490"
"012690","모나리자","KOSPI","종이목재","2860","-140","-4.67","104593789300"
"005360","모나미","KOSPI","유통업","3280","-85","-2.53","61983166960"
"204210","모두투어리츠","KOSPI","서비스업","3200","70","2.24","25045808000"
"009680","모토닉","KOSPI","운수장비","8660","-310","-3.46","285780000000"
"009580","무림P&P","KOSPI","종이목재","3645","-110","-2.93","227332540980"
"009200","무림페이퍼","KOSPI","종이목재","2360","-115","-4.65","98197971600"
"033920","무학","KOSPI","음식료품","4970","-200","-3.87","141645000000"
"008420","문배철강","KOSPI","철강금속","3280","-175","-5.07","67251496400"
"025560","미래산업","KOSPI","의료정밀","17730","-930","-4.98","81123189480"
"007120","미래아이앤지","KOSPI","서비스업","363","-13","-3.46","50608706412"
"396690","미래에셋글로벌리츠","KOSPI","서비스업","3935","5","0.13","114351100000"
"357250","미래에셋맵스리츠","KOSPI","서비스업","3635","-40","-1.09","73063500000"
"085620","미래에셋생명","KOSPI","보험","2625","-55","-2.05","464667496125"
"006800","미래에셋증권","KOSPI","증권","6430","-330","-4.88","3892184503440"
"00680K","미래에셋증권2우B","KOSPI","증권","3540","-65","-1.80","495600000000"
"006805","미래에셋증권우","KOSPI","증권","4000","-150","-3.61","56303000000"
"002840","미원상사","KOSPI","화학","174900","-1000","-0.57","848265000000"
"268280","미원에스씨","KOSPI","화학","135200","-7600","-5.32","689520000000"
"107590","미원홀딩스","KOSPI","기타금융","99400","-1500","-1.49","230608000000"
"134380","미원화학","KOSPI","화학","63100","-400","-0.63","138773810800"
"003650","미창석유","KOSPI","화학","68000","-1600","-2.30","118297696000"
"155900","바다로19호","KOSPI","서비스업","2900","15","0.52","44080011600"
"377740","바이오노트","KOSPI","의약품","6140","-440","-6.69","625518934720"
"003610","방림","KOSPI","섬유의복","7000","-160","-2.23","296198630000"
"001340","백광산업","KOSPI","화학","4720","-360","-7.09","212014881040"
"035150","백산","KOSPI","화학","8230","-520","-5.94","192705450000"
"002410","범양건영","KOSPI","건설업","2930","-165","-5.33","72757707260"
"007210","벽산","KOSPI","비금속광물","2070","-130","-5.91","141919200000"
"002760","보락","KOSPI","화학","1555","-57","-3.54","93144500000"
"003850","보령","KOSPI","의약품","8440","-370","-4.20","579743600000"
"000890","보해양조","KOSPI","음식료품","600","-14","-2.28","83472077400"
"003000","부광약품","KOSPI","의약품","7640","-300","-3.78","542921694360"
"001270","부국증권","KOSPI","증권","19720","-280","-1.40","204494151920"
"001275","부국증권우","KOSPI","증권","18590","-110","-0.59","55770000000"
"026940","부국철강","KOSPI","철강금속","3300","-130","-3.79","66000000000"
"011390","부산산업","KOSPI","비금속광물","65800","-3300","-4.78","69484800000"
"005030","부산주공","KOSPI","운수장비","457","-15","-3.18","33328547516"
"002070","비비안","KOSPI","섬유의복","1223","-33","-2.63","36438049770"
"100220","비상교육","KOSPI","서비스업","5800","-320","-5.23","75381097800"
"030790","비케이탑스","KOSPI","서비스업","904","0","0.00","19208323080"
"005180","빙그레","KOSPI","음식료품","40600","-700","-1.69","399960384600"
"003960","사조대림","KOSPI","음식료품","24100","-900","-3.60","220863654700"
"008040","사조동아원","KOSPI","음식료품","933","-54","-5.47","131687911800"
"007160","사조산업","KOSPI","농업, 임업 및 어업","42300","-900","-2.08","211500000000"
"014710","사조씨푸드","KOSPI","음식료품","5100","-270","-5.03","87814569300"
"006090","사조오양","KOSPI","음식료품","7920","-270","-3.30","74628092880"
"001470","삼부토건","KOSPI","건설업","1199","-24","-1.96","237010376625"
"006400","삼성SDI","KOSPI","전기전자","725000","-13000","-1.76","49854284250000"
"006405","삼성SDI우","KOSPI","전기전자","324500","-10500","-3.13","525007252000"
"006660","삼성공조","KOSPI","운수장비","10300","-640","-5.85","83701034200"
"028260","삼성물산","KOSPI","유통업","107000","-1900","-1.74","19996917667000"
"02826K","삼성물산우B","KOSPI","유통업","98300","-1000","-1.01","159975877500"
"207940","삼성바이오로직스","KOSPI","의약품","772000","-6000","-0.77","54946328000000"
"032830","삼성생명","KOSPI","보험","66000","-900","-1.35","13200000000000"
"018260","삼성에스디에스","KOSPI","서비스업","117000","-3100","-2.58","9053202600000"
"028050","삼성엔지니어링","KOSPI","서비스업","28900","-550","-1.87","5664400000000"
"009150","삼성전기","KOSPI","전기전자","149900","-3000","-1.96","11196585030400"
"009155","삼성전기우","KOSPI","전기전자","71600","-1600","-2.19","208140054400"
"005930","삼성전자","KOSPI","전기전자","59000","-1000","-1.67","352217170450000"
"005935","삼성전자우","KOSPI","전기전자","52000","-1100","-2.07","42790108400000"
"001360","삼성제약","KOSPI","의약품","2475","-120","-4.62","166226145525"
"010140","삼성중공업","KOSPI","운수장비","4915","-135","-2.67","4325200000000"
"010145","삼성중공우","KOSPI","운수장비","164100","-1400","-0.85","18846064500"
"016360","삼성증권","KOSPI","증권","31000","-850","-2.67","2768300000000"
"068290","삼성출판사","KOSPI","서비스업","21800","-1650","-7.04","218000000000"
"029780","삼성카드","KOSPI","기타금융","29800","-300","-1.00","3452594951800"
"000810","삼성화재","KOSPI","보험","215500","-2500","-1.15","10209277373500"
"000815","삼성화재우","KOSPI","보험","160000","-1200","-0.74","510720000000"
"006110","삼아알미늄","KOSPI","철강금속","41550","750","1.84","611280109800"
"145990","삼양사","KOSPI","음식료품","39400","-1200","-2.96","406349890600"
"145995","삼양사우","KOSPI","음식료품","28350","-750","-2.58","10491484500"
"003230","삼양식품","KOSPI","음식료품","114500","-7200","-5.92","862530217500"
"002170","삼양통상","KOSPI","기타제조업","50600","0","0.00","151800000000"
"272550","삼양패키징","KOSPI","화학","17700","-690","-3.75","279459476700"
"000070","삼양홀딩스","KOSPI","기타금융","73600","-4300","-5.52","630330345600"
"000075","삼양홀딩스우","KOSPI","기타금융","54700","-300","-0.55","16631972600"
"002810","삼영무역","KOSPI","유통업","12860","20","0.16","237484951280"
"005680","삼영전자","KOSPI","전기전자","9050","-250","-2.69","181000000000"
"003720","삼영화학","KOSPI","화학","2995","-165","-5.22","101830000000"
"023000","삼원강재","KOSPI","운수장비","2805","-120","-4.10","112200000000"
"004380","삼익THK","KOSPI","기계","12450","-710","-5.40","261450000000"
"002450","삼익악기","KOSPI","기타제조업","1194","-30","-2.45","108093912510"
"004440","삼일씨엔에스","KOSPI","비금속광물","5250","-220","-4.02","66842721750"
"000520","삼일제약","KOSPI","의약품","7430","-350","-4.50","101898363500"
"009770","삼정펄프","KOSPI","종이목재","24250","-500","-2.02","60624296750"
"005500","삼진제약","KOSPI","의약품","20850","-850","-3.92","289815000000"
"004690","삼천리","KOSPI","전기가스업","496500","0","0.00","2013319912500"
"010960","삼호개발","KOSPI","건설업","3525","-105","-2.89","88125000000"
"004450","삼화왕관","KOSPI","기계","34850","-2700","-7.19","75080108150"
"009470","삼화전기","KOSPI","전기전자","15100","-1130","-6.96","99868682000"
"011230","삼화전자","KOSPI","전기전자","2540","-95","-3.61","30740858000"
"001820","삼화콘덴서","KOSPI","전기전자","46850","-2300","-4.68","487005750000"
"000390","삼화페인트","KOSPI","화학","5370","-210","-3.76","146082628530"
"001290","상상인증권","KOSPI","증권","714","-19","-2.59","77352703680"
"041650","상신브레이크","KOSPI","운수장비","3195","-185","-5.47","68601282750"
"075180","새론오토모티브","KOSPI","운수장비","4605","-75","-1.60","88416000000"
"007540","샘표","KOSPI","기타금융","47200","50","0.11","135737760000"
"248170","샘표식품","KOSPI","음식료품","28350","-900","-3.08","129510908100"
"007860","서연","KOSPI","기타금융","8180","-600","-6.83","192065123920"
"200880","서연이화","KOSPI","운수장비","11620","-450","-3.73","314070437940"
"017390","서울가스","KOSPI","전기가스업","481000","-1500","-0.31","2405000000000"
"004410","서울식품","KOSPI","음식료품","194","-4","-2.02","72702578446"
"004415","서울식품우","KOSPI","음식료품","2535","-130","-4.88","5639107500"
"021050","서원","KOSPI","철강금속","1194","-55","-4.40","56684660460"
"008490","서흥","KOSPI","화학","29950","-850","-2.76","346494934350"
"007610","선도전기","KOSPI","전기전자","3000","0","0.00","54000000000"
"136490","선진","KOSPI","음식료품","8850","-500","-5.35","210449495400"
"014910","성문전자","KOSPI","전기전자","1584","-84","-5.04","30867181488"
"014915","성문전자우","KOSPI","전기전자","8260","-100","-1.20","4956000000"
"003080","성보화학","KOSPI","화학","3105","-105","-3.27","62162100000"
"004980","성신양회","KOSPI","비금속광물","8060","-440","-5.18","197599548380"
"004985","성신양회우","KOSPI","비금속광물","11950","-520","-4.17","8790957750"
"011300","성안","KOSPI","섬유의복","1067","6","0.57","61918214864"
"000180","성창기업지주","KOSPI","서비스업","1955","-85","-4.17","136364378000"
"002420","세기상사","KOSPI","유통업","8160","300","3.82","43192087680"
"004360","세방","KOSPI","운수창고업","44150","100","0.23","852478663500"
"004365","세방우","KOSPI","운수창고업","10670","-340","-3.09","39364297500"
"004490","세방전지","KOSPI","전기전자","50000","-3100","-5.84","700000000000"
"001430","세아베스틸지주","KOSPI","철강금속","21550","-1100","-4.86","772828664450"
"306200","세아제강","KOSPI","철강금속","130000","-4100","-3.06","368719000000"
"003030","세아제강지주","KOSPI","기타금융","142600","-4900","-3.32","590600288200"
"019440","세아특수강","KOSPI","철강금속","16500","-960","-5.50","141405000000"
"058650","세아홀딩스","KOSPI","철강금속","107100","-4900","-4.38","428400000000"
"013000","세우글로벌","KOSPI","유통업","1459","-71","-4.64","41880640229"
"091090","세원이앤씨","KOSPI","기계","250","-107","-29.97","53975319250"
"021820","세원정공","KOSPI","운수장비","6800","-180","-2.58","68000000000"
"067830","세이브존I&C","KOSPI","유통업","2785","-150","-5.11","114298892575"
"033530","세종공업","KOSPI","운수장비","5680","-620","-9.84","158023058480"
"075580","세진중공업","KOSPI","운수장비","5320","-240","-4.32","302439105920"
"027970","세하","KOSPI","종이목재","1212","-28","-2.26","69766352364"
"308170","센트랄모텍","KOSPI","운수장비","14300","-1070","-6.96","123123000000"
"012600","센트럴인사이트","KOSPI","기계","2490","0","0.00","45159499050"
"068270","셀트리온","KOSPI","의약품","150900","-4500","-2.90","21249661041000"
"336370","솔루스첨단소재","KOSPI","전기전자","41400","-1700","-3.94","1453603473000"
"33637K","솔루스첨단소재1우","KOSPI","전기전자","9230","-370","-3.85","78041671370"
"33637L","솔루스첨단소재2우B","KOSPI","전기전자","11390","-140","-1.21","21519696500"
"248070","솔루엠","KOSPI","전기전자","22350","-500","-2.19","1117624064850"
"004430","송원산업","KOSPI","화학","18460","-1040","-5.33","443040000000"
"126720","수산인더스트리","KOSPI","건설업","22400","-350","-1.54","320006400000"
"017550","수산중공업","KOSPI","기계","2610","-70","-2.61","140901275430"
"053210","스카이라이프","KOSPI","서비스업","7830","-280","-3.45","374445993780"
"026890","스틱인베스트먼트","KOSPI","기타금융","5600","-220","-3.78","233397780000"
"134790","시디즈","KOSPI","기타제조업","40100","-700","-1.72","80200000000"
"016590","신대양제지","KOSPI","종이목재","82100","-700","-0.85","330845102200"
"029530","신도리코","KOSPI","전기전자","31950","-750","-2.29","322056926550"
"004970","신라교역","KOSPI","농업, 임업 및 어업","10450","-180","-1.69","167200000000"
"011930","신성이엔지","KOSPI","전기전자","1606","-78","-4.63","330592130506"
"005390","신성통상","KOSPI","유통업","2070","-95","-4.39","297476367300"
"004170","신세계","KOSPI","유통업","205000","-4500","-2.15","2018262105000"
"035510","신세계 I&C","KOSPI","서비스업","15280","-1100","-6.72","262816000000"
"034300","신세계건설","KOSPI","건설업","20450","-950","-4.44","81800000000"
"031430","신세계인터내셔날","KOSPI","유통업","20900","-850","-3.91","746130000000"
"031440","신세계푸드","KOSPI","서비스업","45850","-1500","-3.17","177553208000"
"006880","신송홀딩스","KOSPI","유통업","6380","-740","-10.39","75468114040"
"005800","신영와코루","KOSPI","섬유의복","10610","-290","-2.66","95490000000"
"001720","신영증권","KOSPI","증권","58900","-600","-1.01","552849359300"
"001725","신영증권우","KOSPI","증권","59300","100","0.17","418288145900"
"009270","신원","KOSPI","섬유의복","1440","-44","-2.96","147724352640"
"002700","신일전자","KOSPI","유통업","1990","-90","-4.33","141384566790"
"002870","신풍","KOSPI","유통업","1016","-51","-4.78","35518039200"
"019170","신풍제약","KOSPI","의약품","18740","-1360","-6.77","992938712600"
"019175","신풍제약우","KOSPI","의약품","34500","-3000","-8.00","75900000000"
"404990","신한서부티엔디리츠","KOSPI","서비스업","3900","-75","-1.89","218227947600"
"293940","신한알파리츠","KOSPI","서비스업","6480","-10","-0.15","478419197040"
"055550","신한지주","KOSPI","기타금융","35100","-950","-2.64","17858348901900"
"004080","신흥","KOSPI","유통업","14490","-110","-0.75","137655000000"
"102280","쌍방울","KOSPI","섬유의복","306","-7","-2.24","80353191474"
"003410","쌍용C&E","KOSPI","비금속광물","5540","30","0.54","2791382156300"
"003620","쌍용차","KOSPI","운수장비","8760","0","0.00","1637734770240"
"004770","써니전자","KOSPI","전기전자","2290","-75","-3.17","79795075190"
"015540","쎌마테라퓨틱스","KOSPI","서비스업","6410","0","0.00","340533519140"
"403550","쏘카","KOSPI","서비스업","18710","-630","-3.26","612887249420"
"004920","씨아이테크","KOSPI","기타제조업","1178","-40","-3.28","54663156902"
"112610","씨에스윈드","KOSPI","기계","68900","-3400","-4.70","2905609666700"
"008700","아남전자","KOSPI","전기전자","2135","-110","-4.90","164661490700"
"002790","아모레G","KOSPI","화학","36200","-1300","-3.47","2984986116000"
"00279K","아모레G3우(전환)","KOSPI","화학","26950","-1000","-3.58","191134790000"
"002795","아모레G우","KOSPI","화학","13130","-420","-3.10","84606700100"
"090430","아모레퍼시픽","KOSPI","화학","127200","-3600","-2.75","7440278944800"
"090435","아모레퍼시픽우","KOSPI","화학","41700","-1050","-2.46","440261511000"
"002030","아세아","KOSPI","서비스업","145400","-3800","-2.55","318574889600"
"183190","아세아시멘트","KOSPI","비금속광물","8930","-140","-1.54","347895743700"
"002310","아세아제지","KOSPI","종이목재","33850","-850","-2.45","303177592700"
"012170","아센디오","KOSPI","서비스업","765","5","0.66","64711983420"
"267850","아시아나IDT","KOSPI","서비스업","14210","-400","-2.74","157731000000"
"020560","아시아나항공","KOSPI","운수창고업","12920","-400","-3.00","961399990880"
"122900","아이마켓코리아","KOSPI","유통업","10190","-220","-2.11","340639879600"
"010780","아이에스동서","KOSPI","비금속광물","40500","-1900","-4.48","1251150543000"
"139990","아주스틸","KOSPI","철강금속","9160","-340","-3.58","242302051240"
"001780","알루코","KOSPI","철강금속","2800","-170","-5.72","251914409600"
"018250","애경산업","KOSPI","화학","16910","-710","-4.03","446592000850"
"161000","애경케미칼","KOSPI","화학","7940","-250","-3.05","386270749460"
"011090","에넥스","KOSPI","기타제조업","672","-31","-4.41","40314382752"
"137310","에스디바이오센서","KOSPI","의료정밀","20150","-1050","-4.95","2104714912950"
"005850","에스엘","KOSPI","운수장비","25000","-1750","-6.54","1161213000000"
"010580","에스엠벡셀","KOSPI","운수장비","2455","-5","-0.20","273123070800"
"012750","에스원","KOSPI","서비스업","53400","-500","-0.93","2029156105200"
"023960","에쓰씨엔지니어링","KOSPI","건설업","1490","-100","-6.29","46561538950"
"298690","에어부산","KOSPI","운수창고업","3680","-140","-3.66","429235200000"
"140910","에이리츠","KOSPI","서비스업","3335","-155","-4.44","14884211720"
"078520","에이블씨엔씨","KOSPI","화학","7100","-170","-2.34","191937558900"
"015260","에이엔피","KOSPI","전기전자","1945","4","0.21","78930342585"
"007460","에이프로젠","KOSPI","기계","1415","-81","-5.41","358941429825"
"003060","에이프로젠바이오로직스","KOSPI","의약품","322","-8","-2.42","188613009536"
"244920","에이플러스에셋","KOSPI","기타금융","4340","-245","-5.34","98117387620"
"036570","엔씨소프트","KOSPI","서비스업","389000","-7500","-1.89","8540114558000"
"380440","엔에이치스팩19호","KOSPI","기타금융","1969","-3","-0.15","100990010000"
"085310","엔케이","KOSPI","기계","901","0","0.00","72065000152"
"900140","엘브이엠씨홀딩스","KOSPI","유통업","2165","-75","-3.35","215320718005"
"097520","엠씨넥스","KOSPI","전기전자","29200","-1750","-5.65","524949774400"
"014440","영보화학","KOSPI","화학","3415","-115","-3.26","68300000000"
"111770","영원무역","KOSPI","유통업","45850","-1250","-2.65","2031680807800"
"009970","영원무역홀딩스","KOSPI","기타금융","66200","-2300","-3.36","902676190400"
"003520","영진약품","KOSPI","의약품","2850","-160","-5.32","521244283350"
"000670","영풍","KOSPI","철강금속","557000","-24000","-4.13","1026016280000"
"006740","영풍제지","KOSPI","종이목재","17070","20","0.12","380575650000"
"012280","영화금속","KOSPI","운수장비","923","26","2.90","49283128115"
"012160","영흥","KOSPI","철강금속","776","-14","-1.77","78616848672"
"015360","예스코홀딩스","KOSPI","서비스업","31150","-100","-0.32","186900000000"
"007310","오뚜기","KOSPI","음식료품","433000","-6000","-1.37","1735390390000"
"002630","오리엔트바이오","KOSPI","의약품","607","-32","-5.01","71979884035"
"271560","오리온","KOSPI","음식료품","127500","500","0.39","5040856830000"
"001800","오리온홀딩스","KOSPI","기타금융","15380","-60","-0.39","963486590360"
"011690","와이투솔루션","KOSPI","전기전자","900","-23","-2.49","143312073300"
"070960","용평리조트","KOSPI","서비스업","3200","-100","-3.03","154026665600"
"316140","우리금융지주","KOSPI","기타금융","11010","-390","-3.42","8015946644490"
"010050","우리종금","KOSPI","기타금융","762","-36","-4.51","666142995372"
"006980","우성","KOSPI","음식료품","22700","-500","-2.16","70143000000"
"017370","우신시스템","KOSPI","기계","3550","-220","-5.84","65014891700"
"105840","우진","KOSPI","의료정밀","8380","-500","-5.63","170311885320"
"010400","우진아이엔에스","KOSPI","건설업","6090","-170","-2.72","46417980000"
"049800","우진플라임","KOSPI","기계","3625","-75","-2.03","72500000000"
"016880","웅진","KOSPI","서비스업","1588","-106","-6.26","126924203040"
"095720","웅진씽크빅","KOSPI","서비스업","2885","-255","-8.12","333234766725"
"005820","원림","KOSPI","섬유의복","21200","-550","-2.53","48716964000"
"010600","웰바이오텍","KOSPI","유통업","1207","49","4.23","80183549528"
"008600","윌비스","KOSPI","유통업","576","-24","-4.00","38727958464"
"033270","유나이티드제약","KOSPI","의약품","20950","-800","-3.68","340329020900"
"014830","유니드","KOSPI","화학","74300","-3100","-4.01","502832680000"
"446070","유니드비티플러스","KOSPI","종이목재","10350","-420","-3.90","109826075250"
"000910","유니온","KOSPI","비금속광물","5130","-200","-3.75","80087605470"
"047400","유니온머티리얼","KOSPI","비금속광물","2610","-145","-5.26","109620000000"
"011330","유니켐","KOSPI","기타제조업","1302","-44","-3.27","96568642128"
"077500","유니퀘스트","KOSPI","유통업","9910","-600","-5.71","271097712250"
"002920","유성기업","KOSPI","운수장비","2835","-50","-1.73","73561162500"
"000700","유수홀딩스","KOSPI","서비스업","6930","-130","-1.84","180469757160"
"003470","유안타증권","KOSPI","증권","2490","-115","-4.41","496995474240"
"003475","유안타증권우","KOSPI","증권","2460","-10","-0.40","31764041520"
"072130","유엔젤","KOSPI","서비스업","4735","-225","-4.54","62480474690"
"000220","유유제약","KOSPI","의약품","5690","-240","-4.05","98052077190"
"000225","유유제약1우","KOSPI","의약품","6240","-460","-6.87","14145643200"
"000227","유유제약2우B","KOSPI","의약품","14750","-130","-0.87","4802010000"
"001200","유진투자증권","KOSPI","증권","2440","-40","-1.61","236354059920"
"000100","유한양행","KOSPI","의약품","50100","-900","-1.76","3839596715700"
"000105","유한양행우","KOSPI","의약품","50200","-900","-1.76","59283188000"
"003460","유화증권","KOSPI","증권","2200","-30","-1.35","124745313000"
"003465","유화증권우","KOSPI","증권","2370","-60","-2.47","41419127250"
"008730","율촌화학","KOSPI","화학","41250","-1900","-4.40","1023000000000"
"008250","이건산업","KOSPI","종이목재","7830","130","1.69","85759132050"
"025820","이구산업","KOSPI","철강금속","3080","-155","-4.79","103001360000"
"214320","이노션","KOSPI","서비스업","41050","-400","-0.97","821000000000"
"088260","이리츠코크렙","KOSPI","서비스업","5020","-40","-0.79","317974781800"
"139480","이마트","KOSPI","유통업","110400","-4100","-3.58","3077490417600"
"007660","이수페타시스","KOSPI","전기전자","8010","-580","-6.75","506603816190"
"005950","이수화학","KOSPI","화학","32650","-250","-0.76","912879111600"
"015020","이스타코","KOSPI","서비스업","726","-53","-6.80","31110261600"
"093230","이아이디","KOSPI","유통업","1117","-58","-4.94","129259473453"
"074610","이엔플러스","KOSPI","기계","5800","440","8.21","338359274800"
"102460","이연제약","KOSPI","의약품","17950","-630","-3.39","323074457150"
"084680","이월드","KOSPI","기타제조업","1491","-53","-3.43","211433033763"
"350520","이지스레지던스리츠","KOSPI","서비스업","3965","-45","-1.12","112441916405"
"334890","이지스밸류리츠","KOSPI","서비스업","4590","-80","-1.71","168661087650"
"000760","이화산업","KOSPI","유통업","15540","-180","-1.15","43512000000"
"014990","인디에프","KOSPI","섬유의복","1006","-33","-3.18","71137272970"
"101140","인바이오젠","KOSPI","유통업","524","-55","-9.50","73823388920"
"006490","인스코비","KOSPI","통신업","1314","-66","-4.78","147667323942"
"023800","인지컨트롤스","KOSPI","운수장비","8830","-390","-4.23","139595209510"
"034590","인천도시가스","KOSPI","전기가스업","25350","-750","-2.87","110900013900"
"129260","인터지스","KOSPI","운수창고업","2420","-140","-5.47","71989855080"
"023810","인팩","KOSPI","운수장비","9950","-350","-3.40","99500000000"
"249420","일동제약","KOSPI","의약품","21050","-800","-3.66","564209149250"
"000230","일동홀딩스","KOSPI","의약품","12090","-650","-5.10","139523436000"
"013360","일성건설","KOSPI","건설업","2180","-110","-4.80","117774238400"
"003120","일성신약","KOSPI","의약품","141600","1500","1.07","376656000000"
"003200","일신방직","KOSPI","섬유의복","125900","-5100","-3.89","302160000000"
"007110","일신석재","KOSPI","유통업","1176","-62","-5.01","91088973360"
"007570","일양약품","KOSPI","의약품","16990","-370","-2.13","324265431360"
"007575","일양약품우","KOSPI","의약품","20050","-800","-3.84","8923854000"
"008500","일정실업","KOSPI","섬유의복","12220","120","0.99","14664000000"
"081000","일진다이아","KOSPI","화학","18160","-640","-3.40","257926026000"
"020760","일진디스플","KOSPI","전기전자","977","-38","-3.74","50328924957"
"020150","일진머티리얼즈","KOSPI","전기전자","62100","-2700","-4.17","2863482853500"
"103590","일진전기","KOSPI","전기전자","5430","280","5.44","201346517700"
"271940","일진하이솔루스","KOSPI","운수장비","29550","-900","-2.96","1073054764500"
"015860","일진홀딩스","KOSPI","기타금융","4075","-140","-3.32","201090993225"
"226320","잇츠한불","KOSPI","화학","16010","-920","-5.43","351088333150"
"317400","자이에스앤디","KOSPI","서비스업","6170","-230","-3.59","239288148400"
"033240","자화전자","KOSPI","전기전자","26500","-2750","-9.40","539186728500"
"000950","전방","KOSPI","섬유의복","40500","-3450","-7.85","68040000000"
"348950","제이알글로벌리츠","KOSPI","서비스업","4435","-55","-1.22","875362560000"
"194370","제이에스코퍼레이션","KOSPI","기타제조업","13080","-510","-3.75","174429661080"
"025620","제이준코스메틱","KOSPI","화학","7000","-280","-3.85","26983642000"
"030000","제일기획","KOSPI","서비스업","18850","-440","-2.28","2168527091250"
"271980","제일약품","KOSPI","의약품","18410","-820","-4.26","270716693520"
"001560","제일연마","KOSPI","비금속광물","10260","-310","-2.93","102600000000"
"002620","제일파마홀딩스","KOSPI","서비스업","10960","-760","-6.48","175067970800"
"006220","제주은행","KOSPI","은행","17130","-1600","-8.54","550365898620"
"089590","제주항공","KOSPI","운수창고업","14110","-620","-4.21","1086381262210"
"004910","조광페인트","KOSPI","화학","7200","-420","-5.51","92160000000"
"004700","조광피혁","KOSPI","기타제조업","47450","0","0.00","315501598100"
"001550","조비","KOSPI","화학","15860","-870","-5.20","82348910540"
"000480","조선내화","KOSPI","비금속광물","82700","-1700","-2.01","330800000000"
"120030","조선선재","KOSPI","기계","95400","-4500","-4.50","119979905400"
"018470","조일알미늄","KOSPI","철강금속","2030","-105","-4.92","257062393630"
"002600","조흥","KOSPI","음식료품","201500","-10000","-4.73","120900000000"
"185750","종근당","KOSPI","의약품","76000","-1900","-2.44","955203264000"
"063160","종근당바이오","KOSPI","의약품","23450","-1650","-6.57","128645808900"
"001630","종근당홀딩스","KOSPI","의약품","52000","-2000","-3.70","260512772000"
"044380","주연테크","KOSPI","전기전자","717","-38","-5.03","42445857948"
"013890","지누스","KOSPI","기타제조업","28500","-1150","-3.88","538669266000"
"013870","지엠비코리아","KOSPI","운수장비","4870","0","0.00","92882003600"
"071320","지역난방공사","KOSPI","전기가스업","27600","-200","-0.72","319573334400"
"035000","지투알","KOSPI","서비스업","5930","-150","-2.47","98244735370"
"088790","진도","KOSPI","유통업","2675","-85","-3.08","33297715200"
"003780","진양산업","KOSPI","화학","5600","-100","-1.75","72800000000"
"010640","진양폴리","KOSPI","화학","3880","-35","-0.89","38800000000"
"100250","진양홀딩스","KOSPI","화학","3030","-50","-1.62","169362734760"
"051630","진양화학","KOSPI","화학","2800","-165","-5.56","44240000000"
"272450","진에어","KOSPI","운수창고업","15700","-400","-2.48","819540000000"
"011000","진원생명과학","KOSPI","의약품","6500","-300","-4.41","505385393500"
"002780","진흥기업","KOSPI","건설업","1231","-45","-3.53","179075718095"
"002787","진흥기업2우B","KOSPI","건설업","13020","-80","-0.61","3838400160"
"002785","진흥기업우B","KOSPI","건설업","5260","30","0.57","4508966680"
"009310","참엔지니어링","KOSPI","기계","674","-23","-3.30","39676640406"
"000650","천일고속","KOSPI","운수창고업","56600","-600","-1.05","80893852000"
"033250","체시스","KOSPI","운수장비","851","-47","-5.23","27232000000"
"118000","초록뱀헬스케어","KOSPI","유통업","505","-11","-2.13","42776017425"
"035720","카카오","KOSPI","서비스업","59400","-1400","-2.30","26467952623200"
"323410","카카오뱅크","KOSPI","은행","24300","-100","-0.41","11584554479100"
"377300","카카오페이","KOSPI","기타금융","61800","1100","1.81","8261917720200"
"006380","카프로","KOSPI","화학","1460","-271","-15.66","58400000000"
"109070","컨버즈","KOSPI","전기전자","4100","0","0.00","150921943000"
"001620","케이비아이동국실업","KOSPI","운수장비","614","-19","-3.00","61567631824"
"029460","케이씨","KOSPI","의료정밀","19350","-1200","-5.84","262270751400"
"281820","케이씨텍","KOSPI","의료정밀","16620","-300","-1.77","346719060720"
"381970","케이카","KOSPI","유통업","11060","-520","-4.49","531837054980"
"145270","케이탑리츠","KOSPI","서비스업","894","-10","-1.11","42966331956"
"417310","코람코더원리츠","KOSPI","서비스업","4415","-50","-1.12","178366000000"
"357120","코람코에너지리츠","KOSPI","서비스업","4975","-95","-1.87","440459008150"
"007815","코리아써우","KOSPI","전기전자","6420","-410","-6.00","19033309800"
"007810","코리아써키트","KOSPI","전기전자","13650","-1070","-7.27","322423251150"
"00781K","코리아써키트2우B","KOSPI","전기전자","10120","-320","-3.07","7931033880"
"003690","코리안리","KOSPI","보험","7520","-280","-3.59","1058988501280"
"192820","코스맥스","KOSPI","화학","79100","-100","-0.13","897746161900"
"044820","코스맥스비티아이","KOSPI","기타금융","8400","-100","-1.18","80672936400"
"005070","코스모신소재","KOSPI","화학","95200","700","0.74","2917951971200"
"005420","코스모화학","KOSPI","화학","41500","-1850","-4.27","1452841462000"
"071950","코아스","KOSPI","기타제조업","673","-7","-1.03","20800552330"
"002020","코오롱","KOSPI","기타금융","19700","-850","-4.14","248740592200"
"003070","코오롱글로벌","KOSPI","건설업","14110","-490","-3.36","267140580430"
"003075","코오롱글로벌우","KOSPI","건설업","24250","-900","-3.58","17962872250"
"450140","코오롱모빌리티그룹","KOSPI","유통업","4585","-375","-7.56","287833691250"
"45014K","코오롱모빌리티그룹우","KOSPI","유통업","14220","-810","-5.39","34926026400"
"002025","코오롱우","KOSPI","기타금융","14560","-740","-4.84","15672238400"
"120110","코오롱인더","KOSPI","화학","40600","-1600","-3.79","1117275094600"
"120115","코오롱인더우","KOSPI","화학","22400","-800","-3.45","62000064000"
"138490","코오롱플라스틱","KOSPI","화학","9610","50","0.52","365180000000"
"021240","코웨이","KOSPI","서비스업","48600","-2000","-3.95","3586661483400"
"036420","콘텐트리중앙","KOSPI","서비스업","23750","-1250","-5.00","457479815000"
"031820","콤텍시스템","KOSPI","서비스업","743","-32","-4.13","89941239238"
"192400","쿠쿠홀딩스","KOSPI","기타금융","15370","-110","-0.71","546590783450"
"284740","쿠쿠홈시스","KOSPI","서비스업","26850","-700","-2.54","602442310500"
"015590","큐로","KOSPI","기계","344","-14","-3.91","79536803472"
"264900","크라운제과","KOSPI","음식료품","8280","-290","-3.38","103697478000"
"26490K","크라운제과우","KOSPI","음식료품","10750","-470","-4.19","8315770000"
"005740","크라운해태홀딩스","KOSPI","기타금융","6390","-220","-3.33","94874547330"
"005745","크라운해태홀딩스우","KOSPI","기타금융","10940","-230","-2.06","6571942440"
"259960","크래프톤","KOSPI","서비스업","161700","-1800","-1.10","7961669793000"
"020120","키다리스튜디오","KOSPI","서비스업","7480","-290","-3.73","276496449680"
"039490","키움증권","KOSPI","증권","93600","-3900","-4.00","2454146416800"
"014580","태경비케이","KOSPI","비금속광물","6370","-500","-7.28","175704347000"
"015890","태경산업","KOSPI","화학","6330","-360","-5.38","185017987500"
"006890","태경케미컬","KOSPI","화학","13230","-420","-3.08","153468000000"
"003240","태광산업","KOSPI","화학","719000","-17000","-2.31","800534600000"
"011280","태림포장","KOSPI","종이목재","2630","-125","-4.54","186219622200"
"004100","태양금속","KOSPI","운수장비","1600","-96","-5.66","58720000000"
"004105","태양금속우","KOSPI","운수장비","3100","-215","-6.49","10230000000"
"009410","태영건설","KOSPI","건설업","3800","-115","-2.94","147816572400"
"009415","태영건설우","KOSPI","건설업","6820","-40","-0.58","8880608440"
"001420","태원물산","KOSPI","운수장비","5000","25","0.50","38000000000"
"007980","태평양물산","KOSPI","섬유의복","1500","-82","-5.18","72954106500"
"055490","테이팩스","KOSPI","화학","53800","-3600","-6.27","253809570000"
"078000","텔코웨어","KOSPI","서비스업","9130","40","0.44","88585705780"
"214420","토니모리","KOSPI","화학","4360","-260","-5.63","104878923640"
"019180","티에이치엔","KOSPI","전기전자","3260","-125","-3.69","58680000000"
"363280","티와이홀딩스","KOSPI","기타금융","11380","-360","-3.07","579575069840"
"36328K","티와이홀딩스우","KOSPI","기타금융","11460","-940","-7.58","14386173480"
"091810","티웨이항공","KOSPI","운수창고업","2970","-135","-4.35","577410387840"
"004870","티웨이홀딩스","KOSPI","비금속광물","553","-25","-4.33","60538108351"
"005690","파미셀","KOSPI","의약품","8740","-350","-3.85","524548265360"
"036580","팜스코","KOSPI","음식료품","3575","-155","-4.16","131302396225"
"004720","팜젠사이언스","KOSPI","의약품","5850","-230","-3.78","92610706500"
"028670","팬오션","KOSPI","운수창고업","5900","-100","-1.67","3153960120800"
"010820","퍼스텍","KOSPI","기계","3315","230","7.46","159323739900"
"016800","퍼시스","KOSPI","기타제조업","29400","-400","-1.34","338100000000"
"001020","페이퍼코리아","KOSPI","종이목재","1162","-79","-6.37","55272633220"
"090080","평화산업","KOSPI","운수장비","1180","-22","-1.83","64784665620"
"010770","평화홀딩스","KOSPI","운수장비","3285","-250","-7.07","48044655810"
"058430","포스코스틸리온","KOSPI","철강금속","34000","-1950","-5.42","204000000000"
"047050","포스코인터내셔널","KOSPI","유통업","20900","-750","-3.46","3676786269200"
"003670","포스코케미칼","KOSPI","비금속광물","239000","-9500","-3.82","18513709580000"
"017810","풀무원","KOSPI","음식료품","9900","-210","-2.08","377393365800"
"103140","풍산","KOSPI","철강금속","36800","-1150","-3.03","1031293430400"
"005810","풍산홀딩스","KOSPI","기타금융","35850","-500","-1.38","358447228800"
"950210","프레스티지바이오파마","KOSPI","서비스업","9980","-510","-4.86","599759626900"
"009810","플레이그램","KOSPI","유통업","783","-34","-4.16","93252072474"
"086790","하나금융지주","KOSPI","기타금융","41050","-1650","-3.86","12146837689800"
"293480","하나제약","KOSPI","의약품","13820","-370","-2.61","245622113720"
"039130","하나투어","KOSPI","서비스업","59900","-1300","-2.12","960747181500"
"352820","하이브","KOSPI","서비스업","173700","-15900","-8.39","7183083321900"
"071090","하이스틸","KOSPI","철강금속","4060","-230","-5.36","81977372260"
"019490","하이트론","KOSPI","전기전자","2470","0","0.00","23739723280"
"000080","하이트진로","KOSPI","음식료품","22250","-500","-2.20","1560472844750"
"000087","하이트진로2우B","KOSPI","음식료품","15960","-80","-0.50","18037002480"
"000140","하이트진로홀딩스","KOSPI","기타금융","9030","-360","-3.83","209557087950"
"000145","하이트진로홀딩스우","KOSPI","기타금융","13960","-90","-0.64","6572507600"
"152550","한국ANKOR유전","KOSPI","기타금융","155","-28","-15.30","10853100000"
"036460","한국가스공사","KOSPI","전기가스업","25500","-1050","-3.95","2353981500000"
"005430","한국공항","KOSPI","운수창고업","38250","-2250","-5.56","121113078750"
"071050","한국금융지주","KOSPI","기타금융","56100","-4100","-6.81","3126228151200"
"071055","한국금융지주우","KOSPI","기타금융","42050","-1650","-3.78","246339454550"
"010040","한국내화","KOSPI","비금속광물","2890","-105","-3.51","118683809180"
"025540","한국단자","KOSPI","전기전자","54100","-1900","-3.39","563451500000"
"004090","한국석유","KOSPI","비금속광물","10110","-240","-2.32","128337553200"
"002200","한국수출포장","KOSPI","종이목재","33850","-1050","-3.01","135400000000"
"002960","한국쉘석유","KOSPI","화학","235000","1500","0.64","305500000000"
"000240","한국앤컴퍼니","KOSPI","기타금융","12110","-460","-3.66","1149665756400"
"123890","한국자산신탁","KOSPI","기타금융","2830","-70","-2.41","350857038160"
"015760","한국전력","KOSPI","전기가스업","17230","-280","-1.60","11061041046710"
"006200","한국전자홀딩스","KOSPI","기타금융","1127","-44","-3.76","52747134272"
"009540","한국조선해양","KOSPI","운수장비","72800","-2400","-3.19","5152282844800"
"023350","한국종합기술","KOSPI","서비스업","6410","-150","-2.29","70189500000"
"025890","한국주강","KOSPI","기계","3150","-40","-1.25","35624165850"
"000970","한국주철관","KOSPI","철강금속","6810","-220","-3.13","155271405000"
"104700","한국철강","KOSPI","철강금속","7120","-250","-3.39","302244000000"
"017960","한국카본","KOSPI","기계","10710","-350","-3.16","470819707470"
"161890","한국콜마","KOSPI","화학","37750","-1100","-2.83","863764545000"
"024720","한국콜마홀딩스","KOSPI","기타금융","14790","-550","-3.59","274749674010"
"161390","한국타이어앤테크놀로지","KOSPI","화학","33700","-800","-2.32","4174589825300"
"034830","한국토지신탁","KOSPI","기타금융","1265","-27","-2.09","319398875950"
"007280","한국특강","KOSPI","철강금속","2035","0","0.00","123299831930"
"168490","한국패러랠","KOSPI","기타금융","2070","10","0.49","165641400000"
"010100","한국프랜지","KOSPI","운수장비","2680","-135","-4.80","81607125600"
"047810","한국항공우주","KOSPI","운수장비","41550","-1500","-3.48","4050090695850"
"123690","한국화장품","KOSPI","유통업","7370","-340","-4.41","118421160000"
"003350","한국화장품제조","KOSPI","화학","27650","-1800","-6.11","125309800000"
"011500","한농화성","KOSPI","화학","15680","-920","-5.54","245188818560"
"002390","한독","KOSPI","의약품","15100","-590","-3.76","207829348300"
"053690","한미글로벌","KOSPI","서비스업","25500","-850","-3.23","279417525000"
"042700","한미반도체","KOSPI","기계","14320","-780","-5.17","1393898804640"
"008930","한미사이언스","KOSPI","기타금융","33750","-1050","-3.02","2361046725000"
"128940","한미약품","KOSPI","의약품","246500","-7000","-2.76","3096571947000"
"009240","한샘","KOSPI","유통업","51900","-1000","-1.89","1221410863200"
"020000","한섬","KOSPI","섬유의복","24500","-550","-2.20","603435000000"
"003680","한성기업","KOSPI","음식료품","5200","-260","-4.76","32289478000"
"105630","한세실업","KOSPI","섬유의복","16480","-400","-2.37","659200000000"
"069640","한세엠케이","KOSPI","유통업","2690","-75","-2.71","80986490380"
"016450","한세예스24홀딩스","KOSPI","섬유의복","4450","-200","-4.30","178000000000"
"010420","한솔PNS","KOSPI","유통업","1563","-52","-3.22","32030577756"
"009180","한솔로지스틱스","KOSPI","운수창고업","2725","-125","-4.39","74875983125"
"213500","한솔제지","KOSPI","종이목재","11300","-360","-3.09","268946508800"
"014680","한솔케미칼","KOSPI","화학","196000","-2600","-1.31","2221698220000"
"004710","한솔테크닉스","KOSPI","전기전자","5460","-410","-6.98","175319933880"
"004150","한솔홀딩스","KOSPI","기타금융","3295","-55","-1.64","138418261215"
"025750","한솔홈데코","KOSPI","종이목재","1042","-44","-4.05","83948885258"
"004960","한신공영","KOSPI","건설업","7890","-440","-5.28","91292838780"
"011700","한신기계","KOSPI","기계","5970","-450","-7.01","193703521470"
"001750","한양증권","KOSPI","증권","8750","-100","-1.13","111374672500"
"001755","한양증권우","KOSPI","증권","12770","-240","-1.84","6704250000"
"018880","한온시스템","KOSPI","기계","8440","-470","-5.27","4505272000000"
"009420","한올바이오파마","KOSPI","의약품","16000","-280","-1.72","835850208000"
"014130","한익스프레스","KOSPI","운수창고업","5450","-260","-4.55","65400000000"
"300720","한일시멘트","KOSPI","비금속광물","10860","-200","-1.81","752180324400"
"002220","한일철강","KOSPI","철강금속","2905","-160","-5.22","77556121300"
"006390","한일현대시멘트","KOSPI","비금속광물","16530","-450","-2.65","319486418160"
"003300","한일홀딩스","KOSPI","비금속광물","10810","-290","-2.61","333303476040"
"051600","한전KPS","KOSPI","건설업","35500","-950","-2.61","1597500000000"
"052690","한전기술","KOSPI","서비스업","67100","-3600","-5.09","2564562000000"
"130660","한전산업","KOSPI","서비스업","7680","-380","-4.71","250368000000"
"002320","한진","KOSPI","운수창고업","19980","-70","-0.35","298653607440"
"003480","한진중공업홀딩스","KOSPI","전기가스업","3580","-130","-3.50","105716726960"
"180640","한진칼","KOSPI","운수창고업","47150","-750","-1.57","3147818681400"
"18064K","한진칼우","KOSPI","운수창고업","29300","-1550","-5.02","15727243800"
"005110","한창","KOSPI","유통업","732","-38","-4.94","58117628976"
"009460","한창제지","KOSPI","종이목재","1386","-5","-0.36","82699135596"
"372910","한컴라이프케어","KOSPI","의료정밀","5220","-380","-6.79","144460399320"
"000880","한화","KOSPI","화학","24850","-550","-2.17","1862724564750"
"00088K","한화3우B","KOSPI","화학","13610","-320","-2.30","305843920000"
"088350","한화생명","KOSPI","보험","2490","-155","-5.86","2162639700000"
"000370","한화손해보험","KOSPI","보험","4580","-345","-7.01","534664230700"
"009830","한화솔루션","KOSPI","화학","41600","0","0.00","7957185475200"
"009835","한화솔루션우","KOSPI","화학","38050","0","0.00","109043537800"
"272210","한화시스템","KOSPI","전기전자","11950","-310","-2.53","2257586698550"
"012450","한화에어로스페이스","KOSPI","운수장비","95000","-600","-0.63","4809850000000"
"000885","한화우","KOSPI","화학","32350","-450","-1.37","15505160900"
"003530","한화투자증권","KOSPI","증권","2705","-105","-3.74","580351731375"
"003535","한화투자증권우","KOSPI","증권","5820","140","2.46","27936000000"
"195870","해성디에스","KOSPI","전기전자","42650","-2950","-6.47","725050000000"
"101530","해태제과식품","KOSPI","음식료품","5790","-310","-5.08","168586399380"
"143210","핸즈코퍼레이션","KOSPI","운수장비","2960","-35","-1.17","64715273280"
"000720","현대건설","KOSPI","건설업","35500","-700","-1.93","3953129657500"
"267270","현대건설기계","KOSPI","기계","50800","-2700","-5.05","1000800284400"
"000725","현대건설우","KOSPI","건설업","51100","-800","-1.54","53894812300"
"005440","현대그린푸드","KOSPI","유통업","7250","0","0.00","708357494500"
"086280","현대글로비스","KOSPI","운수창고업","150800","-5000","-3.21","5655000000000"
"042670","현대두산인프라코어","KOSPI","기계","7630","-340","-4.27","1508934825930"
"064350","현대로템","KOSPI","운수장비","24050","-500","-2.04","2624872146650"
"079430","현대리바트","KOSPI","기타제조업","7930","-340","-4.11","162844786260"
"012330","현대모비스","KOSPI","운수장비","213500","-5000","-2.29","20129867569000"
"010620","현대미포조선","KOSPI","운수장비","64800","-2400","-3.57","2588251255200"
"069960","현대백화점","KOSPI","유통업","52500","-1100","-2.05","1228628152500"
"004560","현대비앤지스틸","KOSPI","철강금속","10500","-260","-2.42","158327515500"
"004565","현대비앤지스틸우","KOSPI","철강금속","48500","-1050","-2.12","5327822000"
"004310","현대약품","KOSPI","의약품","4590","-175","-3.67","146880000000"
"322000","현대에너지솔루션","KOSPI","전기전자","49650","-2550","-4.89","556080000000"
"017800","현대엘리베이","KOSPI","기계","25550","-900","-3.40","1042828130050"
"307950","현대오토에버","KOSPI","서비스업","111500","-5200","-4.46","3057773993000"
"011210","현대위아","KOSPI","운수장비","53300","-2600","-4.65","1449497923900"
"267260","현대일렉트릭","KOSPI","전기전자","39500","-350","-0.88","1423861832500"
"004020","현대제철","KOSPI","철강금속","33050","-1350","-3.92","4410383194250"
"329180","현대중공업","KOSPI","운수장비","93800","-4600","-4.67","8326918280800"
"005380","현대차","KOSPI","운수장비","171000","-5000","-2.84","36171887526000"
"005387","현대차2우B","KOSPI","운수장비","95700","-100","-0.10","3456741132900"
"005389","현대차3우B","KOSPI","운수장비","88400","-1700","-1.89","212553203200"
"005385","현대차우","KOSPI","운수장비","92500","-1700","-1.80","2230463507500"
"001500","현대차증권","KOSPI","증권","8870","-140","-1.55","281290424940"
"011760","현대코퍼레이션","KOSPI","유통업","15660","-430","-2.67","207165607560"
"227840","현대코퍼레이션홀딩스","KOSPI","유통업","10800","-470","-4.17","98289028800"
"126560","현대퓨처넷","KOSPI","통신업","3045","-95","-3.03","335567967525"
"001450","현대해상","KOSPI","보험","34500","-700","-1.99","3084300000000"
"057050","현대홈쇼핑","KOSPI","유통업","49150","-1150","-2.29","589800000000"
"093240","형지엘리트","KOSPI","섬유의복","1189","-55","-4.42","37043054822"
"003010","혜인","KOSPI","유통업","6350","-360","-5.37","80725943450"
"111110","호전실업","KOSPI","섬유의복","7770","-450","-5.47","75757375680"
"008770","호텔신라","KOSPI","유통업","73200","-2700","-3.56","2872962457200"
"008775","호텔신라우","KOSPI","유통업","56300","-1500","-2.60","42330787700"
"002460","화성산업","KOSPI","건설업","9650","-340","-3.40","97947500000"
"378850","화승알앤에이","KOSPI","운수장비","3755","-300","-7.40","71321054365"
"241590","화승엔터프라이즈","KOSPI","기타제조업","8480","-330","-3.75","513797060480"
"006060","화승인더","KOSPI","화학","3820","-110","-2.80","211322400000"
"013520","화승코퍼레이션","KOSPI","운수장비","1816","-78","-4.12","90893073632"
"010690","화신","KOSPI","운수장비","10720","-310","-2.81","374346795200"
"133820","화인베스틸","KOSPI","철강금속","1870","-96","-4.88","55692229670"
"010660","화천기계","KOSPI","기계","2755","-110","-3.84","60610000000"
"000850","화천기공","KOSPI","기계","33800","-1200","-3.43","74360000000"
"016580","환인제약","KOSPI","의약품","16350","-500","-2.97","304111144500"
"032560","황금에스티","KOSPI","철강금속","7200","-370","-4.89","122400000000"
"004800","효성","KOSPI","기타금융","63900","-1000","-1.54","1346438497500"
"094280","효성ITX","KOSPI","서비스업","13290","-640","-4.59","153608478000"
"298040","효성중공업","KOSPI","전기전자","68200","-3700","-5.15","635934173600"
"298050","효성첨단소재","KOSPI","화학","406000","-14500","-3.45","1818858888000"
"298020","효성티앤씨","KOSPI","화학","412500","-7500","-1.79","1785168825000"
"298000","효성화학","KOSPI","화학","126000","-7000","-5.26","401955876000"
"093370","후성","KOSPI","화학","12030","-410","-3.30","1135055811120"
"081660","휠라홀딩스","KOSPI","유통업","38350","-700","-1.79","2329847713700"
"005870","휴니드","KOSPI","전기전자","5760","-200","-3.36","81308246400"
"079980","휴비스","KOSPI","화학","4470","-200","-4.28","154215000000"
"005010","휴스틸","KOSPI","철강금속","5880","-190","-3.13","330385881000"
"000540","흥국화재","KOSPI","보험","3370","-230","-6.39","216497713650"
"000547","흥국화재2우B","KOSPI","보험","19570","-130","-0.66","3005952000"
"000545","흥국화재우","KOSPI","보험","6500","-90","-1.37","4992000000"
"003280","흥아해운","KOSPI","운수창고업","1351","-56","-3.98","324814038549"